{"cameraMode":{"drawMode":0,"name":"Shaded","section":"Shading Mode"},"sceneLighting":true,"audioPlay":false,"sceneViewState":{"m_AlwaysRefresh":false,"showFog":true,"showSkybox":true,"showFlares":true,"showImageEffects":true,"showParticleSystems":true,"showVisualEffectGraphs":true,"m_FxEnabled":true},"in2DMode":false,"pivot":{"x":23.823129653930665,"y":1.9684717655181885,"z":27.582204818725587},"rotation":{"x":0.11095752567052841,"y":-0.5331829190254211,"z":0.07079179584980011,"w":0.8356995582580566},"size":0.1382843405008316,"orthographic":false}