{"cameraMode":{"drawMode":0,"name":"Shaded","section":"Shading Mode"},"sceneLighting":false,"audioPlay":false,"sceneViewState":{"m_AlwaysRefresh":false,"showFog":true,"showSkybox":false,"showFlares":true,"showImageEffects":true,"showParticleSystems":true,"showVisualEffectGraphs":true,"m_FxEnabled":true},"in2DMode":false,"pivot":{"x":-0.005860090255737305,"y":0.5414105653762817,"z":-2.9253578186035158},"rotation":{"x":-0.004115982446819544,"y":-0.9392709136009216,"z":0.011271866038441658,"w":-0.3429687023162842},"size":0.7869778871536255,"orthographic":false}